,Num_Cells_Strain1,Num_Cells_Strain2,t_deg_x,k_degA,k_degB,ratioS1,ratioS2,posS1,posS2,Stability,Replating,New_Stability
0,3,1,46,0.1,0.3,1.405636977228244,0.0,"[[ 199 -151]
 [-150   95]
 [ 100 -197]]",[[11 10]],0.0,0.9,0.0
1,5,8,46,0.1,0.3,1.060665094558243,0.9938046081871816,"[[  98  170]
 [-147  -53]
 [-179 -143]
 [-120 -157]
 [  11  -87]]","[[ -53  -83]
 [  88 -164]
 [ -50  149]
 [-150  -13]
 [ -77   28]
 [ 197  138]
 [ -95   53]
 [-172  -32]]",1.0,0.9,1.0
2,7,9,46,0.1,0.3,0.8073192496016969,1.0057016588438672,"[[-102 -114]
 [-113  123]
 [ -11 -150]
 [-111   49]
 [-183  139]
 [-187  188]
 [-159 -113]]","[[ 198  -35]
 [  12  170]
 [ -58  115]
 [ 114 -101]
 [ -38   80]
 [  25 -149]
 [-169  111]
 [ 157  194]
 [ -72 -165]]",0.4,0.9,0.5
3,5,6,46,0.1,0.3,1.0046335256325452,1.2368377788908684,"[[  75  -42]
 [   1   83]
 [-130 -158]
 [ -33  -94]
 [-146 -176]]","[[-111 -111]
 [ 127  -61]
 [-161 -196]
 [-193   94]
 [ -83  -80]
 [ 123 -122]]",0.9,0.9,0.9
4,3,8,46,0.1,0.3,1.0925280827230122,1.1565870576544708,"[[-184   53]
 [   9   69]
 [-105 -158]]","[[ 116  141]
 [ 145    2]
 [-140 -120]
 [ -68  -20]
 [ -37 -129]
 [-189  137]
 [ 139  -74]
 [-153  133]]",0.0,0.9,0.0
5,3,8,46,0.1,0.3,1.3582896119659464,0.6741014589425234,"[[ 130 -190]
 [   8  185]
 [ 181  135]]","[[ -75  -84]
 [ 129   -4]
 [  43   67]
 [  60  -54]
 [  40  -38]
 [ 185  -54]
 [-127   64]
 [  83  -74]]",0.0,0.9,0.0
6,9,4,46,0.1,0.3,1.0473100508923783,0.6959945224776382,"[[-184  -99]
 [  96   78]
 [ 193  123]
 [  80   10]
 [  30   26]
 [ -73  -86]
 [ -34   74]
 [-163   96]
 [  15  -69]]","[[ -93  -79]
 [ -99   76]
 [-198    9]
 [ -82  -96]]",0.0,0.9,0.0
7,7,5,46,0.1,0.3,1.1709552710930708,0.8079294667842116,"[[-166  196]
 [ 190   10]
 [ 188 -127]
 [-149   97]
 [-193   24]
 [ 139  135]
 [ 160 -168]]","[[ -63   56]
 [  98   79]
 [ -98 -113]
 [ -68  103]
 [-103 -192]]",0.0,0.9,0.0
8,10,10,46,0.1,0.3,1.2405386814163535,0.8391778047711037,"[[-173   66]
 [ 172   97]
 [-183 -100]
 [  93  100]
 [ 192 -161]
 [ -70 -162]
 [-104  -35]
 [  55   98]
 [ 144  168]
 [-164   78]]","[[-127   26]
 [  45   23]
 [ -28  123]
 [  98  152]
 [  39   91]
 [  97  148]
 [-198   19]
 [  59  -45]
 [ 116  -11]
 [ -92  -34]]",0.0,0.9,0.0
9,5,9,46,0.1,0.3,1.2014267124540745,0.811491068155741,"[[-151 -137]
 [ 185  -78]
 [-140  163]
 [ 174   49]
 [ 113  124]]","[[ -51  179]
 [ -68  180]
 [   0 -113]
 [-190  116]
 [-125  105]
 [  85 -119]
 [-110  137]
 [ -23  147]
 [ 116  -10]]",0.1,0.9,0.2
10,4,7,46,0.1,0.3,0.8717374642571568,1.2822593740415367,"[[-107   80]
 [ -39 -159]
 [  20   15]
 [ -74  -26]]","[[ 195   77]
 [  73  -66]
 [  90  103]
 [-115   38]
 [-180  169]
 [ -14  -56]
 [ -75 -149]]",1.0,0.9,1.0
11,10,2,46,0.1,0.3,0.7150304584850532,1.1221493728949858,"[[  67  -77]
 [ -54 -177]
 [  74   86]
 [  14 -158]
 [  68  -85]
 [ 141  108]
 [  53 -121]
 [  28 -158]
 [ 178  107]
 [  11 -196]]","[[-88 149]
 [146  39]]",0.2,0.9,0.0
12,6,4,46,0.1,0.3,0.9204295250643333,1.1810384703497465,"[[ 140  -81]
 [-145  -29]
 [  65  116]
 [ 166  -86]
 [  79 -123]
 [   8    8]]","[[ -53 -137]
 [ -34   92]
 [ 132    3]
 [-195 -121]]",0.3,0.9,0.2
13,4,7,46,0.1,0.3,0.4813024603664696,1.2631863048684329,"[[  31   10]
 [  31 -107]
 [ -52 -113]
 [  67  -96]]","[[-102  130]
 [ -79   68]
 [-157  161]
 [ 117   31]
 [ 137 -173]
 [-142 -184]
 [ 200  105]]",0.0,0.9,0.0
14,3,6,46,0.1,0.3,0.5774418161466481,1.1796780053993376,"[[ 148 -147]
 [ 137  -47]
 [  63  -79]]","[[-158   65]
 [ 113 -101]
 [ -53  128]
 [ -23  -88]
 [ 129   49]
 [  80  -97]]",0.8,0.9,0.9
15,9,3,46,0.1,0.3,0.7194568944083302,1.418644777964949,"[[  59  181]
 [ 158   19]
 [-110   36]
 [  -7 -138]
 [ -84  -34]
 [ -57  -84]
 [  90  -76]
 [  48   43]
 [  21  -23]]","[[ 118  189]
 [-149  195]
 [ 116 -119]]",0.9,0.9,1.0
16,3,3,46,0.1,0.3,1.0726357313635888,1.3543407702077546,"[[-190   72]
 [-110  -29]
 [ -41  -68]]","[[ -79  -36]
 [-129  -71]
 [ -23  161]]",0.2,0.9,0.1
17,4,5,46,0.1,0.3,0.9774253871197468,1.1151149797576638,"[[-64  99]
 [ 27  16]
 [129 -75]
 [166 -85]]","[[  59  129]
 [  89   74]
 [  46  -60]
 [-146 -136]
 [   7 -123]]",0.3,0.9,0.3
18,7,1,46,0.1,0.3,1.144406557505442,0.0,"[[  -8   95]
 [ 138  105]
 [-175  -38]
 [ 153 -140]
 [ -53  106]
 [ -99   17]
 [ 143  198]]",[[119 170]],0.0,0.9,0.0
19,9,4,46,0.1,0.3,0.8532530591441518,1.3108764313451144,"[[ 103  -18]
 [ 128   77]
 [-128  -95]
 [  65    9]
 [ 185 -157]
 [   4  107]
 [ -54  170]
 [ -15   32]
 [ -42  157]]","[[ 169  -30]
 [-183   99]
 [-192  -83]
 [  19  184]]",0.8,0.9,0.9
20,9,6,46,0.1,0.3,1.0606759995857988,0.9668386071484741,"[[ -67 -150]
 [-127   79]
 [ 174 -157]
 [ 187  -76]
 [  21  -86]
 [ -13   69]
 [-173  104]
 [  -2  153]
 [  24  -47]]","[[-43 198]
 [-22 166]
 [162 -13]
 [107 -81]
 [197 -45]
 [ 42 -73]]",0.0,0.9,0.0
21,6,5,46,0.1,0.3,0.9544607724053934,0.9489903594901902,"[[ 119  -81]
 [-161   86]
 [-191  -58]
 [-146   -2]
 [-141   54]
 [ 134  -52]]","[[  43   11]
 [ 142   48]
 [ 148 -127]
 [ 143  -27]
 [-180   44]]",0.3,0.9,0.4
22,4,3,46,0.1,0.3,0.8162609835941124,1.4060435547641563,"[[ -11  -77]
 [ -10  104]
 [-160  -86]
 [  18   -7]]","[[-110   36]
 [-156 -156]
 [ 135 -191]]",0.5,0.9,0.4
23,2,8,46,0.1,0.3,0.39341515174567887,1.0738612961713916,"[[ -98  -75]
 [ -34 -145]]","[[ 160  133]
 [-123  175]
 [ 188   18]
 [-166   -5]
 [  15 -184]
 [  12   48]
 [ 189  171]
 [ 122 -153]]",0.0,0.9,0.0
24,3,8,46,0.1,0.3,1.116164962886374,0.7992478804609846,"[[  -4  107]
 [ 191  -55]
 [-164  162]]","[[  16  -63]
 [  76 -192]
 [  61   78]
 [ -62 -195]
 [-178  -51]
 [-153 -133]
 [-199   20]
 [ -11   36]]",0.0,0.9,0.0
25,4,3,46,0.1,0.3,0.9136725025030309,1.1776161328486532,"[[-102  -58]
 [  28  135]
 [ 165   66]
 [ 134  182]]","[[-183 -141]
 [-107   20]
 [ 147   37]]",0.0,0.9,0.1
26,8,8,46,0.1,0.3,0.9400257444597314,1.0546798103611827,"[[ 181  -93]
 [ 143   48]
 [ -36    4]
 [ 141 -136]
 [ 100   11]
 [ -71 -161]
 [ 111   63]
 [ -90 -132]]","[[  85  -98]
 [ 189   91]
 [ -71   27]
 [ 152   84]
 [-113  -58]
 [  44  193]
 [ -91 -111]
 [ -54   56]]",0.7,0.9,0.7
27,4,8,46,0.1,0.3,1.2303692542271636,1.00515007024704,"[[ -72  -12]
 [  55  109]
 [ 156 -133]
 [-137 -165]]","[[ -64  -61]
 [  50   38]
 [-124 -100]
 [ 177 -172]
 [ -47  130]
 [-122  -28]
 [ -57  173]
 [  18  132]]",0.3,0.9,0.8
28,4,7,46,0.1,0.3,1.100139224191179,1.180174750826001,"[[  92   67]
 [ 146  153]
 [-148    4]
 [ -41  -33]]","[[-174  -65]
 [ -76 -102]
 [  93  200]
 [ 121  101]
 [  23  197]
 [   2  -31]
 [-114  132]]",0.7,0.9,0.8
29,9,10,46,0.1,0.3,1.0646832214314008,1.079983676066091,"[[-157  114]
 [ -22 -141]
 [ 107 -190]
 [ 161  160]
 [ -70   48]
 [   6  -49]
 [-180  -27]
 [ -32  143]
 [   3  102]]","[[-184  154]
 [ 116  -84]
 [  -2  171]
 [  44  -39]
 [ -85   95]
 [   5 -163]
 [-122  -99]
 [ -65  -91]
 [  68  172]
 [-169 -141]]",1.0,0.9,1.0
30,6,4,46,0.1,0.3,0.7899843357491785,1.083337222321012,"[[-178  -82]
 [ -32    0]
 [  92  -52]
 [  88   70]
 [ 152 -104]
 [ -26 -123]]","[[ 152   76]
 [ 158  133]
 [-169   -5]
 [-163  130]]",0.5,0.9,0.3
31,3,10,46,0.1,0.3,0.5744486263618306,1.0790683765937552,"[[-127  -34]
 [ -31 -134]
 [-165  -33]]","[[ 162   53]
 [ -19   15]
 [ 197 -152]
 [ -25   48]
 [-127 -191]
 [ -65 -112]
 [  13 -194]
 [ 105   79]
 [ 149    8]
 [-158 -158]]",0.0,0.9,0.0
32,10,2,46,0.1,0.3,1.045056560518826,0.25303679437582755,"[[ -12   -6]
 [ -86  167]
 [  95  -66]
 [ -41  -49]
 [ -23 -154]
 [-105 -161]
 [ -76  122]
 [ 109  110]
 [ 135  158]
 [-148 -107]]","[[ 32 176]
 [  7 132]]",0.0,0.9,0.0
33,4,2,46,0.1,0.3,0.9133621238666338,1.0482970786321317,"[[ -83  166]
 [  71  -78]
 [-192   34]
 [  22  -41]]","[[  13 -196]
 [-199  -79]]",0.0,0.9,0.0
34,2,8,46,0.1,0.3,1.0484307247383842,1.1408920319083482,"[[ 32  25]
 [-58 181]]","[[   0   -1]
 [ -84  -32]
 [  93  189]
 [ 129   33]
 [  22  118]
 [-191 -127]
 [ 124  132]
 [ 160   72]]",0.0,0.9,0.0
35,7,5,46,0.1,0.3,1.0994261938020269,0.9232835947192654,"[[  35  189]
 [  97  -42]
 [ -94  161]
 [  51  -95]
 [  36  -84]
 [ -48 -173]
 [ -65  122]]","[[-166 -131]
 [  56  -79]
 [ -46   -5]
 [ -27 -196]
 [   6   43]]",0.4,0.9,0.5
36,10,4,46,0.1,0.3,1.0775353003362882,0.5366340548877656,"[[  13  -51]
 [  10   52]
 [  32  -99]
 [ -93    8]
 [ 182 -163]
 [  11  196]
 [ 176   -8]
 [-199 -148]
 [-175  154]
 [-180  112]]","[[-101  -12]
 [-112 -151]
 [-180 -179]
 [-151  -35]]",0.0,0.9,0.0
37,7,7,46,0.1,0.3,1.1944272303836856,0.9253007649004349,"[[-121   24]
 [-103 -159]
 [  60  171]
 [  84  -78]
 [  62  191]
 [ 112  -45]
 [ 144  196]]","[[ 119   90]
 [  61  -22]
 [ -87  190]
 [  53   41]
 [ -89 -179]
 [  81   44]
 [  71  -67]]",0.0,0.9,0.0
38,8,4,46,0.1,0.3,1.383196192032317,0.6952112631596025,"[[ -38   54]
 [ 100  176]
 [  96   90]
 [ 196 -172]
 [ -25  -69]
 [-177 -195]
 [  64   46]
 [ 165   77]]","[[  -6   79]
 [  38   70]
 [  44 -105]
 [  43  -11]]",0.0,0.9,0.0
39,6,2,46,0.1,0.3,1.0025834963904139,0.17574677713716183,"[[ -75 -127]
 [  -7 -143]
 [  18  -93]
 [ 192  128]
 [  66  -68]
 [-140  165]]","[[130 118]
 [129  79]]",0.0,0.9,0.0
40,9,9,46,0.1,0.3,1.1721532978946747,0.9466601301833523,"[[ 130   12]
 [ -67 -177]
 [-189 -157]
 [ -94 -107]
 [-147  181]
 [ 140   11]
 [-164   96]
 [  72  -83]
 [  36  123]]","[[ -43 -141]
 [  24  114]
 [ 104  132]
 [ -89  -98]
 [-171  -39]
 [ 100  -22]
 [  17 -192]
 [  64  -21]
 [ 102   84]]",0.1,0.9,0.0
41,8,7,46,0.1,0.3,1.1791370980723699,0.9327808256297991,"[[ -93  195]
 [   2  123]
 [ -92  182]
 [ 151  -49]
 [ -94 -179]
 [ 200  -31]
 [  19 -105]
 [ -21 -157]]","[[ -45   41]
 [  96  106]
 [ 133  -69]
 [   8    2]
 [ -85   67]
 [  96  192]
 [ -20 -177]]",0.3,0.9,0.2
42,10,4,46,0.1,0.3,1.179184209233258,1.0371529721550399,"[[-140  119]
 [ 183  -13]
 [ -14  -20]
 [  66  -25]
 [ 186  135]
 [  53  103]
 [ 164  180]
 [  64  146]
 [ -69  158]
 [-183  -20]]","[[-66 198]
 [179 145]
 [-53  78]
 [ 94  73]]",0.0,0.9,0.0
43,7,6,46,0.1,0.3,1.1859731851655109,0.949845272377468,"[[ 137   18]
 [-185   69]
 [  38  -58]
 [ -81  169]
 [-122 -103]
 [ -59 -171]
 [ 127   -5]]","[[   3 -121]
 [  38 -150]
 [ -90  136]
 [ -75   57]
 [   6  -56]
 [ 139 -111]]",0.0,0.9,0.0
44,3,6,46,0.1,0.3,0.6214270405086526,1.1559283140348193,"[[-67 136]
 [134  68]
 [118  76]]","[[ 162 -198]
 [-182   76]
 [  11  151]
 [-108   89]
 [-132  195]
 [ -11 -165]]",0.3,0.9,0.0
45,4,9,46,0.1,0.3,1.0727052168255635,1.0237949365948187,"[[ -67  159]
 [ 130 -171]
 [ 186  -51]
 [  60  -47]]","[[-196   -6]
 [  75  -97]
 [  70  -44]
 [-106 -126]
 [ -51 -183]
 [  58  126]
 [ 192   31]
 [-195   16]
 [ 107  -84]]",0.9,0.9,1.0
46,7,4,46,0.1,0.3,1.0523694868477547,0.9457279631511538,"[[  85 -119]
 [  50  187]
 [-136  -62]
 [  53  136]
 [ -74  -80]
 [  58  150]
 [ 158  114]]","[[  -4  -19]
 [-186  147]
 [ -22   75]
 [  39  -90]]",0.0,0.9,0.0
47,9,1,46,0.1,0.3,1.240078480411194,0.0,"[[-186  -48]
 [-177  172]
 [ 179   83]
 [ -76 -121]
 [ 158 -154]
 [  26   29]
 [  22   72]
 [ 101  -77]
 [ 146   72]]",[[-16 107]],0.0,0.9,0.0
48,1,3,46,0.1,0.3,0.0,1.0856348740855792,[[-61  -7]],"[[  68 -195]
 [ 162 -102]
 [-171 -156]]",0.0,0.9,0.0
49,10,3,46,0.1,0.3,1.2666990636852853,0.9067332230203184,"[[  49 -182]
 [  24   -8]
 [-137  171]
 [  16  -94]
 [ -51  179]
 [-122 -169]
 [ 165 -139]
 [-146  179]
 [-181  -65]
 [ 135  131]]","[[ 52 156]
 [-50 -78]
 [ 13 -65]]",0.0,0.9,0.0
50,3,6,46,0.1,0.3,1.3043718852481863,0.9801779204677765,"[[-111   25]
 [ 119 -196]
 [ -64  175]]","[[ 150  -67]
 [ -44 -197]
 [  74  -42]
 [-107  -83]
 [  89   -7]
 [-154  185]]",0.0,0.9,0.0
51,8,2,46,0.1,0.3,1.2138387443541874,0.9781454651713403,"[[ 186 -156]
 [ 170   30]
 [  81 -136]
 [-124  -70]
 [-178  158]
 [  26  130]
 [ 123  168]
 [ 194    7]]","[[-21   8]
 [ 77 186]]",0.0,0.9,0.0
52,3,5,46,0.1,0.3,0.2512984490868685,0.7375633236338317,"[[-170 -169]
 [ -78 -161]
 [-150 -186]]","[[-170  -64]
 [ 108  -64]
 [ -44   75]
 [ 116  -20]
 [ 105   84]]",0.0,0.9,0.0
53,5,10,46,0.1,0.3,0.8246484892015195,0.906247168416329,"[[  26  117]
 [ 191    5]
 [  71  187]
 [ 147   57]
 [ -70 -144]]","[[ -63   -7]
 [ -55 -149]
 [ -56 -190]
 [-157  -64]
 [ 176  136]
 [-182  -62]
 [ -47  176]
 [-185 -113]
 [ -77  168]
 [-154  196]]",1.0,0.9,1.0
54,1,7,46,0.1,0.3,0.0,1.246584986840856,[[67  9]],"[[ -59 -182]
 [-185   36]
 [ 148 -142]
 [ 109  118]
 [ -22  -75]
 [ -96  122]
 [-112   25]]",0.0,0.9,0.0
55,5,8,46,0.1,0.3,1.0107049884584507,1.100528324664492,"[[  70   15]
 [ 133   58]
 [-145   97]
 [ 112  135]
 [-131  -69]]","[[ 106  161]
 [  69 -112]
 [ 193 -140]
 [ 120 -140]
 [  35  104]
 [  18  196]
 [-126   89]
 [ -24  -77]]",0.1,0.9,0.0
56,9,4,46,0.1,0.3,0.7961467698722282,0.8501570432776567,"[[ 166  -86]
 [-107  -86]
 [ 108 -182]
 [ -62   89]
 [ -90  -29]
 [-135   14]
 [-193  -81]
 [ -78  -62]
 [-150 -132]]","[[ 154   -4]
 [  80  -27]
 [ 154  146]
 [-101   18]]",0.0,0.9,0.0
57,2,9,46,0.1,0.3,1.2211599804644808,1.0420775121426167,"[[ 88 192]
 [101 -31]]","[[ 185  188]
 [ 128   86]
 [-159   63]
 [  88  161]
 [ 104   64]
 [ -90  124]
 [ -97  100]
 [ -85  -88]
 [  -1   -4]]",0.0,0.9,0.0
58,5,10,46,0.1,0.3,0.9116131305941034,1.0976454780623601,"[[-39  95]
 [ 37 179]
 [ 39  98]
 [-86 -79]
 [157 -42]]","[[ 153   65]
 [-178 -199]
 [-171 -122]
 [  63   60]
 [-151   25]
 [-121   86]
 [   1  -76]
 [-192  112]
 [ 139   36]
 [-115  154]]",0.1,0.9,0.0
59,10,2,46,0.1,0.3,1.1544114395626572,0.7653883901442616,"[[-160  101]
 [ 138 -160]
 [-196   17]
 [ -31 -114]
 [-110  -91]
 [ 130  -93]
 [-149  -22]
 [ 189 -100]
 [ 155  114]
 [ 116   80]]","[[  91 -136]
 [ -63 -160]]",0.0,0.9,0.0
60,1,2,46,0.1,0.3,0.0,1.0220825376864584,[[-162   -8]],"[[  66   40]
 [  -6 -191]]",0.0,0.9,0.0
61,7,6,46,0.1,0.3,0.7448525511600876,0.9938316210003434,"[[  89   96]
 [  42 -140]
 [ 199  -36]
 [ -41  -33]
 [ 130  -77]
 [ 138 -154]
 [ 179 -106]]","[[ -78  176]
 [ -39   16]
 [ 108  138]
 [-167   23]
 [ 134  -63]
 [   5  -78]]",0.0,0.9,0.0
62,7,9,46,0.1,0.3,1.1589476750566396,0.9494190770771631,"[[ 122  -34]
 [  86 -105]
 [ -46  -63]
 [  89 -129]
 [   1  164]
 [  59 -162]
 [-167  117]]","[[ -90   47]
 [ 101   50]
 [ -96 -109]
 [ 174    3]
 [  76  -99]
 [  -3 -130]
 [ 190  -82]
 [  63   -1]
 [  41   41]]",0.5,0.9,0.7
63,8,3,46,0.1,0.3,0.9372650420548576,0.6580551090782696,"[[-119   42]
 [-124   90]
 [  58 -172]
 [  19  -80]
 [-174   96]
 [ -85  -55]
 [ -22  -10]
 [ -24  -63]]","[[ 40  21]
 [ 76  64]
 [ 45 -87]]",0.0,0.9,0.0
64,4,5,46,0.1,0.3,1.2825706135896313,1.0878979792840568,"[[ 105 -173]
 [ -26  172]
 [ 100  118]
 [-120  -79]]","[[ 188   96]
 [ -71  -24]
 [  -3 -164]
 [ 151  -31]
 [   4  156]]",0.1,0.9,0.0
65,7,5,46,0.1,0.3,0.9502123799178973,0.9752591247479027,"[[   9  177]
 [-142   95]
 [  48 -178]
 [-134  165]
 [   7 -172]
 [-162  120]
 [-150 -149]]","[[-103  168]
 [ -18 -181]
 [ 152   82]
 [ 138    2]
 [  85  194]]",0.0,0.9,0.0
66,2,1,46,0.1,0.3,0.4436665270391766,0.0,"[[ -30 -196]
 [-176 -196]]",[[-52 121]],0.0,0.9,0.0
67,7,2,46,0.1,0.3,0.9804654744592161,1.6347681525887146,"[[   0  116]
 [ 131 -112]
 [   4  -49]
 [ 100    7]
 [ 111  196]
 [  86 -120]
 [-160  114]]","[[ 181  -12]
 [-162   39]]",0.0,0.9,0.0
68,1,3,46,0.1,0.3,0.0,1.028844485247693,[[ -95 -119]],"[[-172   68]
 [  48  197]
 [-148  -36]]",0.0,0.9,0.0
69,7,1,46,0.1,0.3,0.8981620601207736,0.0,"[[-163  139]
 [-178    4]
 [-106  -90]
 [ -74 -116]
 [ -27   46]
 [ -69  -50]
 [  85  -56]]",[[51 63]],0.0,0.9,0.0
70,7,6,46,0.1,0.3,0.9682587673410904,1.0166344236189464,"[[-109 -157]
 [-104 -169]
 [  45   74]
 [-180   55]
 [   7  138]
 [-152   -7]
 [ -63   24]]","[[  65  -41]
 [ -33  -70]
 [ 159   27]
 [ -80  -24]
 [ -37  177]
 [ -32 -176]]",0.6,0.9,0.4
71,10,4,46,0.1,0.3,0.9866053881785156,1.158686042068783,"[[ 162  174]
 [ 152  183]
 [ -35  -74]
 [ 151   44]
 [-179  116]
 [  74   35]
 [  92 -165]
 [ 162   45]
 [-120  193]
 [ 137  -84]]","[[ -48   63]
 [ 140 -198]
 [ -44 -165]
 [ 167  104]]",0.1,0.9,0.6
72,7,2,46,0.1,0.3,0.5942579075946526,0.5282235185468764,"[[ -38   98]
 [ -84  -52]
 [  77   66]
 [-193  109]
 [ -79  154]
 [ 171  119]
 [-145  143]]","[[  22 -130]
 [ 178 -186]]",0.0,0.9,0.0
73,6,4,46,0.1,0.3,1.069298945762203,0.4563030289453763,"[[ 179  126]
 [-148   96]
 [ 150 -151]
 [ -69  -34]
 [ -14   63]
 [ 150 -167]]","[[148 155]
 [153  23]
 [168 134]
 [ 75 177]]",0.2,0.9,0.1
74,4,6,46,0.1,0.3,0.989198972146744,1.1397466376972132,"[[-175  -48]
 [-144  -55]
 [  79 -112]
 [  18   65]]","[[-187   -7]
 [-114   51]
 [  59  158]
 [  90   59]
 [ 145 -112]
 [-164   58]]",0.2,0.9,0.5
75,4,3,46,0.1,0.3,0.9472998454626602,0.8547651406864017,"[[  82  110]
 [-191  117]
 [-135   53]
 [  35   48]]","[[  25   22]
 [ -54  -14]
 [ 149 -100]]",0.0,0.9,0.0
76,3,6,46,0.1,0.3,1.0015350814966753,1.1005911672866489,"[[  57   73]
 [-163  -68]
 [-178   45]]","[[-119  -67]
 [-133 -155]
 [  21  -60]
 [ 175  101]
 [-185 -125]
 [ 140   36]]",0.5,0.9,0.4
77,10,2,46,0.1,0.3,1.099082261439216,0.3776506390925456,"[[ -41  116]
 [  81  158]
 [-144  137]
 [  57  -56]
 [  68  -57]
 [  83 -136]
 [-172  137]
 [ -12 -151]
 [-101 -137]
 [  25  -45]]","[[ 101 -155]
 [  66  -95]]",0.0,0.9,0.0
78,5,5,46,0.1,0.3,1.023927354599842,0.6557074996571959,"[[  40  -40]
 [  30 -169]
 [  -5   19]
 [ 102  100]
 [  -1  146]]","[[ 79  46]
 [161 142]
 [ 42 133]
 [185 110]
 [ 44 172]]",0.0,0.9,0.2
79,1,1,46,0.1,0.3,0.0,0.0,[[ 99 142]],[[68 -7]],0.0,0.9,0.0
80,7,5,46,0.1,0.3,1.0120649215055657,1.1863731558312136,"[[  70  106]
 [-179   90]
 [-153  -57]
 [ 114 -132]
 [  37 -143]
 [-134 -108]
 [-182   -6]]","[[-189    3]
 [ 164  -87]
 [  19  144]
 [-148 -121]
 [ -25  154]]",0.8,0.9,0.7
81,2,5,46,0.1,0.3,1.1772969943296439,1.2377455634098522,"[[  23 -181]
 [ 145   14]]","[[ -53 -158]
 [ 113  130]
 [-117  -13]
 [ 168  115]
 [ 120 -124]]",0.0,0.9,0.0
82,9,5,46,0.1,0.3,1.1001769342488883,0.8922798531660547,"[[-194 -194]
 [ -74  143]
 [ 102  -99]
 [ -65   42]
 [ 163 -133]
 [ 167   56]
 [-198 -130]
 [-185   82]
 [-178  -70]]","[[ 158   77]
 [ -35  142]
 [  35  -65]
 [ 130   62]
 [ -90 -146]]",0.0,0.9,0.0
83,3,9,46,0.1,0.3,1.3153691533532164,0.8100735879681031,"[[ 169 -187]
 [ -92  106]
 [-166   61]]","[[ -13   75]
 [ -16 -192]
 [ -81 -187]
 [ 173  -28]
 [ -16   35]
 [ 120 -134]
 [ -27  -20]
 [-124  -36]
 [-122 -140]]",0.0,0.9,0.0
84,8,7,46,0.1,0.3,1.0961776745826228,1.1333985813704353,"[[  99  -65]
 [-138   19]
 [ -45  -65]
 [  -8  165]
 [ 124 -192]
 [-199   51]
 [  92   16]
 [ 198   50]]","[[  67 -192]
 [-182    4]
 [ 135   10]
 [-110   14]
 [  -1  186]
 [  50  164]
 [ 144  -62]]",0.4,0.9,0.5
85,7,2,46,0.1,0.3,0.8624835844343149,1.0692920837489122,"[[-186 -101]
 [  72   67]
 [  62   67]
 [  49 -193]
 [ -49  -44]
 [  67   56]
 [  91    2]]","[[ 109 -190]
 [ 166   15]]",0.0,0.9,0.0
86,1,1,46,0.1,0.3,0.0,0.0,[[-187  -47]],[[-162   85]],0.0,0.9,0.0
87,8,9,46,0.1,0.3,1.1842643255518472,0.9214846802630786,"[[ 189 -161]
 [-197 -124]
 [ -87 -164]
 [ -29   28]
 [  23   67]
 [-169    9]
 [  20  131]
 [   8   96]]","[[ -69   15]
 [ -62  132]
 [-191  -41]
 [  39   -6]
 [-133   80]
 [ -62   81]
 [-145 -194]
 [  64  127]
 [ -84  -37]]",1.0,0.9,0.9
88,1,10,46,0.1,0.3,0.0,0.9584243733826452,[[ 112 -200]],"[[ 197  -20]
 [  47  118]
 [-160 -180]
 [ 180  128]
 [ 119   -4]
 [  71 -153]
 [ 159  185]
 [-183  188]
 [  92   84]
 [ 188 -155]]",0.0,0.9,0.0
89,1,10,46,0.1,0.3,0.0,0.8879653426043688,[[110 169]],"[[-135  146]
 [ -24  157]
 [-135  -65]
 [ 140  -96]
 [  68 -150]
 [ -46  -26]
 [ 185   77]
 [  55   66]
 [-191  -92]
 [  -9  -10]]",0.0,0.9,0.0
90,2,5,46,0.1,0.3,1.052561557615239,1.0506560459584275,"[[  25  116]
 [-173   38]]","[[-191 -127]
 [ 140  -38]
 [ 156   41]
 [-106    6]
 [  -3    2]]",0.0,0.9,0.0
91,10,4,46,0.1,0.3,0.9893405882965586,0.9073700946419372,"[[ 167  142]
 [ 192 -142]
 [-170 -176]
 [-118  196]
 [  53  109]
 [  -2   72]
 [ -22  -53]
 [   6  143]
 [ -77  -74]
 [ 169  -40]]","[[-194   42]
 [  29 -189]
 [ -38 -165]
 [ 111  -72]]",0.0,0.9,0.0
92,6,7,46,0.1,0.3,1.0379723091285908,1.0255927113272176,"[[  84  125]
 [ -82  123]
 [-145 -146]
 [-119  -20]
 [-179  115]
 [ 170   76]]","[[-140 -191]
 [ 143  -29]
 [ 164 -141]
 [ 199   50]
 [ -76   -9]
 [-104   92]
 [ -42   27]]",0.1,0.9,0.1
93,8,1,46,0.1,0.3,1.1310126627310186,0.0,"[[ 169   -5]
 [  16 -134]
 [ -82   18]
 [ 162 -163]
 [ -27   36]
 [ 149 -126]
 [ -42  -38]
 [  26  -38]]",[[ -38 -113]],0.0,0.9,0.0
94,4,9,46,0.1,0.3,0.7184776900351924,0.9363363703730723,"[[ 76  90]
 [151 195]
 [ 43 -58]
 [ 78 -30]]","[[ 162  -37]
 [-121   29]
 [-104  177]
 [ 143  -43]
 [ -94  -53]
 [-186  -90]
 [ -88  143]
 [-164  -46]
 [  -3 -116]]",0.0,0.9,0.0
95,9,6,46,0.1,0.3,1.0730304546587504,0.9685194727021944,"[[  17    0]
 [ -61  122]
 [-182   39]
 [-196  191]
 [  92   23]
 [  81   22]
 [-128  -48]
 [ -85   80]
 [ -40 -188]]","[[  17  170]
 [  69   69]
 [ 120 -144]
 [-114   16]
 [ -43   33]
 [  19  132]]",0.2,0.9,0.0
96,2,7,46,0.1,0.3,0.4360596484190467,0.7535083994526348,"[[-173 -198]
 [-114 -100]]","[[ 195   99]
 [-115   65]
 [  51  -32]
 [-135  139]
 [-126  200]
 [  -1    2]
 [ -58  -63]]",0.0,0.9,0.0
97,6,5,46,0.1,0.3,1.0582572707608102,1.092534162523725,"[[ 120  -35]
 [ 105  -48]
 [   0 -141]
 [ 158   88]
 [ -68   71]
 [ -89   42]]","[[ -58   90]
 [ 111    0]
 [ -97   16]
 [-185  -21]
 [  35 -118]]",0.5,0.9,0.4
98,5,4,46,0.1,0.3,0.9905723092183477,0.9057301904602512,"[[  75   85]
 [ 108  -98]
 [  91 -191]
 [-154  -31]
 [ 188   -4]]","[[-103  103]
 [-111   88]
 [  27  -64]
 [ 157  135]]",0.0,0.9,0.1
99,7,10,46,0.1,0.3,0.9839999057520373,1.0849336921506136,"[[  79  106]
 [-178  189]
 [-105  -57]
 [  37  155]
 [   8 -173]
 [   4 -110]
 [-119 -101]]","[[-150  151]
 [-120   48]
 [  -9   56]
 [ -24   40]
 [ 164 -142]
 [ 137  -78]
 [ -79   78]
 [-165 -197]
 [ 149  172]
 [ 193 -184]]",0.0,0.9,0.1
